1,0,0x114,0x00,0xf
1,0,0x000,0x00,0xf
1,0,0x4e8,0x00,0xf
1,0,0x15f,0x00,0xf
1,0,0x000,0x00,0xf
1,0,0x615,0x00,0xf
1,0,0x1dd,0x00,0xf
1,0,0x000,0x00,0xf
1,0,0x477,0x00,0xf
1,0,0x185,0x00,0xf
1,0,0x000,0x00,0xf
1,0,0x5f0,0x00,0xf
1,0,0x153,0x00,0xf
1,0,0x000,0x00,0xf
1,0,0x41f,0x00,0xf
1,0,0x25b,0x00,0xf
1,0,0x000,0x00,0xf
1,0,0x533,0x00,0xf
1,0,0x12d,0x00,0xf
1,0,0x000,0x00,0xf
1,0,0x3ed,0x00,0xf
1,0,0x15f,0x00,0xf
1,0,0x000,0x00,0xf
1,0,0x4b6,0x00,0xf
1,0,0x1ab,0x00,0xf
1,0,0x000,0x00,0xf
1,0,0x36f,0x00,0xf
1,0,0x274,0x00,0xf
1,0,0x000,0x00,0xf
1,0,0x438,0x00,0xf
1,0,0x12d,0x00,0xf
1,0,0x000,0x00,0xf
1,0,0x274,0x00,0xf
